COMM_TTL,VAL,TON,AVGMILE,Origin,Destination
3,526,1303,54,AL,AL
4,627,1797,63,AL,AL
5,1617,589,66,AL,AL
5,124,63,1720,AL,AZ
4,32,21,2231,AL,CA
5,77,27,1367,AL,CO
5,3,1,1036,AL,CT
4,166,173,165,AL,GA
5,1280,637,222,AL,GA
4,25,19,726,AL,IL
5,269,97,731,AL,IL
4,32,33,586,AL,IN
5,27,25,514,AL,IN
3,4,3,966,AL,KS
4,19,83,678,AL,KS
4,35,51,245,AL,KY
5,129,39,218,AL,LA
5,81,31,760,AL,MD
6,1,1,1021,AL,MD
4,27,19,866,AL,MI
5,60,29,766,AL,MI
4,25,37,278,AL,MS
1,28,9,262,AL,MS
5,220,93,190,AL,MS
5,115,63,650,AL,MO
4,8,65,1240,AL,NE
1,45,17,1135,AL,NE
5,16,3,971,AL,NE
6,1,1,1117,AL,NE
4,1,1,2186,AL,NV
4,14,7,1116,AL,NY
3,3,3,739,AL,NC
5,137,39,465,AL,NC
4,13,15,601,AL,OH
5,56,33,715,AL,OK
6,2,1,2807,AL,OR
4,18,17,426,AL,TN
5,55,19,834,AL,WI
3,11,5,274,AK,AK
5,2068,767,344,AK,AK
5,8,1,3621,AK,MN
5,20,1,3871,AK,TX
3,700,501,42,AZ,AZ
6,1056,1081,61,AZ,AZ
3,816,893,451,AZ,CA
4,774,429,663,AZ,CA
2,5,19,278,AZ,CA
6,394,231,462,AZ,CA
5,13,3,2672,AZ,MA
3,45,61,2141,AZ,MI
5,12,5,1607,AZ,MN
5,81,13,282,AZ,NV
4,105,33,471,AZ,NM
3,20,21,1498,AZ,OR
3,84,83,1015,AZ,TX
4,52,19,698,AZ,UT
3,50,87,1602,AZ,WA
5,101,35,464,AR,AL
5,471,169,1239,AR,AZ
6,1,1,1396,AR,AZ
4,1135,3711,30,AR,AR
5,3985,1439,76,AR,AR
4,41,21,1479,AR,CA
6,99,129,1846,AR,CA
3,27,17,579,AR,GA
6,29,15,658,AR,GA
6,95,41,371,AR,IL
6,4,7,546,AR,IA
5,24,7,634,AR,KY
6,52,31,367,AR,LA
6,28,13,1467,AR,MA
6,70,61,812,AR,MI
6,48,45,707,AR,MN
3,5,3,213,AR,MS
6,82,57,103,AR,MS
5,223,75,207,AR,MO
5,42,15,1253,AR,MT
6,19,11,1459,AR,MT
5,35,13,1558,AR,NH
6,7,3,799,AR,NM
5,558,185,1245,AR,NY
4,105,55,830,AR,OH
6,7,23,708,AR,OH
5,48,17,2042,AR,OR
5,172,57,1074,AR,PA
4,29,15,904,AR,SC
5,187,69,174,AR,TN
5,1405,499,397,AR,TX
5,431,139,1010,AR,VA
3,1202,645,653,CA,AZ
5,577,117,546,CA,AZ
6,509,261,699,CA,AZ
2,2478,8189,52,CA,CA
5,25528,5815,38,CA,CA
5,238,37,1025,CA,CO
3,65,17,2850,CA,CT
5,16,1,2872,CA,CT
5,310,39,2592,CA,FL
6,163,71,2790,CA,FL
3,612,209,2257,CA,GA
5,631,73,2266,CA,GA
6,103,71,2530,CA,GA
3,831,225,2062,CA,IL
6,78,31,2185,CA,IN
5,26,1,1510,CA,KS
3,41,17,2247,CA,KY
5,32,7,1894,CA,LA
3,604,265,2600,CA,MD
3,184,89,2941,CA,MA
5,149,27,2979,CA,MA
3,306,71,1896,CA,MO
4,92,49,387,CA,NV
5,416,85,332,CA,NV
6,322,115,357,CA,NV
5,385,55,2860,CA,NJ
5,47,7,833,CA,NM
5,158,19,2780,CA,NY
6,127,79,2832,CA,NY
3,437,125,2304,CA,OH
5,115,15,2255,CA,OH
6,83,33,2318,CA,OH
3,127,41,1659,CA,OK
3,609,277,700,CA,OR
5,246,43,814,CA,OR
6,224,171,672,CA,OR
3,1135,263,2604,CA,PA
5,143,15,2637,CA,PA
6,112,47,2695,CA,PA
6,15,5,2675,CA,SC
3,146,39,2055,CA,TN
5,711,111,1450,CA,TX
6,719,279,1721,CA,TX
4,5,1,713,CA,UT
5,69,7,718,CA,UT
3,258,29,2534,CA,VA
3,1313,469,989,CA,WA
4,184,105,1074,CA,WA
3,265,89,2195,CA,WI
3,31,25,912,CO,AZ
4,31,25,869,CO,AZ
3,6,5,984,CO,AR
4,242,1187,60,CO,CO
4,7,1,1921,CO,FL
3,20,33,1486,CO,GA
5,87,11,1443,CO,GA
3,14,21,1198,CO,IN
4,22,25,748,CO,IA
3,4,7,1264,CO,LA
3,25,43,331,CO,NE
5,316,71,418,CO,NE
3,23,51,294,CO,NM
3,21,63,1469,CO,OH
3,6,11,662,CO,OK
3,10,7,1299,CO,OR
4,80,43,1218,CO,OR
3,15,23,1653,CO,SC
3,11,7,1375,CO,WA
4,86,37,1342,CO,WA
6,10,1,2943,CT,CA
6,11,3,327,CT,MD
1,286,49,210,CT,NY
6,5,5,1132,CT,TN
6,6,1,2274,CT,UT
5,31,9,2839,DE,CA
5,86,31,314,DE,CT
4,319,1151,19,DE,DE
5,291,143,11,DE,DE
5,47,27,958,DE,FL
3,26,39,631,DE,IN
3,1,1,1115,DE,IA
4,211,761,30,DE,MD
5,135,71,119,DE,MD
6,8,3,295,DE,MA
3,20,31,614,DE,MI
3,23,35,101,DE,NJ
3,149,247,329,DE,NY
5,148,69,263,DE,NY
3,25,41,401,DE,OH
5,551,205,176,DE,PA
5,10,5,675,DE,TN
5,129,47,1527,DE,TX
5,28,9,2182,DE,UT
3,24,35,202,DE,VA
3,25,1,3,DC,DC
6,7,3,3,DC,DC
6,9,5,460,FL,AL
3,31,5,1061,FL,AR
6,12,1,827,FL,AR
3,5027,3321,33,FL,FL
4,1782,3073,0,FL,FL
2,1596,8783,130,FL,FL
5,9331,1693,38,FL,FL
3,86,27,1343,FL,IL
3,50,7,1240,FL,IN
5,182,17,1134,FL,IN
3,42,13,1050,FL,KY
6,23,13,656,FL,LA
6,6,1,1207,FL,MA
3,77,67,1359,FL,MI
3,36,5,1767,FL,MN
3,45,9,1393,FL,MO
3,13,1,1660,FL,NE
5,5,1,2816,FL,NV
3,4,1,1577,FL,NH
3,144,43,1209,FL,NJ
6,11,1,1363,FL,NY
3,95,23,778,FL,NC
3,130,29,1219,FL,OH
5,34,3,1026,FL,OH
3,31,3,3161,FL,OR
5,182,15,1082,FL,PA
3,52,13,574,FL,SC
4,9,105,893,FL,TN
3,328,61,1321,FL,TX
3,3,1,2545,FL,UT
5,13,1,1336,FL,VT
4,177,285,191,GA,AL
5,900,355,181,GA,AL
5,169,67,711,GA,AR
5,321,133,2294,GA,CA
6,28,5,984,GA,CT
4,302,339,284,GA,FL
5,1823,577,377,GA,FL
3,3596,3765,42,GA,GA
2,296,1691,81,GA,GA
5,5917,2861,50,GA,GA
6,23,3,843,GA,KS
3,151,181,574,GA,KY
5,331,105,663,GA,MD
5,127,43,1082,GA,MA
5,182,63,739,GA,MI
4,1,5,1205,GA,NE
6,21,7,1090,GA,NE
3,19,11,1007,GA,NJ
5,188,53,827,GA,NJ
6,12,3,1008,GA,NY
4,89,73,315,GA,NC
5,1198,389,295,GA,NC
6,271,139,333,GA,NC
5,26,9,2791,GA,OR
3,18,3,900,GA,PA
4,21,19,787,GA,PA
5,299,93,713,GA,PA
4,172,367,173,GA,SC
6,252,119,122,GA,SC
3,2,3,1499,GA,SD
3,94,81,384,GA,TN
4,197,231,234,GA,TN
6,317,111,324,GA,TN
3,73,47,877,GA,TX
5,14,3,2048,GA,UT
4,1,11,1357,GA,VT
3,49,37,625,GA,VA
5,135,43,551,GA,VA
5,51,15,900,GA,WI
6,361,185,0,HI,HI
3,274,367,818,ID,CA
6,17,47,2420,ID,FL
3,714,989,35,ID,ID
2,1314,6743,26,ID,ID
5,41,11,82,ID,ID
3,29,63,1719,ID,KY
3,18,43,2579,ID,MA
2,1,5,704,ID,MT
3,26,47,2278,ID,NY
3,105,139,1825,ID,OH
2,4,21,1911,ID,OH
3,52,121,2179,ID,PA
3,20,55,2207,ID,SC
3,36,85,1822,ID,TN
3,229,459,1544,ID,TX
3,120,135,196,ID,UT
6,11,33,2159,ID,VA
5,190,47,569,IL,AR
6,20,31,477,IL,AR
5,878,143,1289,IL,FL
4,15,127,653,IL,GA
5,304,49,752,IL,GA
6,544,909,764,IL,GA
5,799,235,141,IL,IN
2,34,277,54,IL,IA
4,33,269,416,IL,KS
5,634,125,503,IL,KS
6,33,15,412,IL,KS
6,47,105,370,IL,KY
3,4895,14693,825,IL,LA
2,3229,23499,1141,IL,LA
6,20,11,854,IL,LA
4,7,7,784,IL,MD
5,237,39,1007,IL,MA
5,601,141,273,IL,MI
5,623,213,407,IL,MN
4,110,835,236,IL,MO
5,272,67,494,IL,NE
5,91,3,1793,IL,NV
6,38,19,807,IL,NJ
3,1,3,1353,IL,NM
4,53,551,1063,IL,NM
6,37,27,717,IL,NY
4,44,87,923,IL,NC
2,38,291,849,IL,NC
5,6,1,711,IL,ND
4,60,15,366,IL,OH
5,10,3,778,IL,OK
4,6,1,785,IL,PA
5,188,33,660,IL,PA
6,7,3,783,IL,SC
2,26,151,0,IL,TN
6,36,95,475,IL,TN
5,907,279,1075,IL,TX
5,137,25,763,IL,VA
2,7,61,2583,IL,WA
5,147,25,2050,IL,WA
6,37,21,2057,IL,WA
1,6,5,458,IL,WI
5,5,1,1014,IL,WY
4,99,353,665,IN,AL
6,24,45,1081,IN,CO
4,4,1,841,IN,CT
2,59,507,966,IN,FL
5,89,37,1142,IN,FL
4,181,461,715,IN,GA
4,366,1989,174,IN,IL
5,455,123,137,IN,IL
6,1037,567,137,IN,IL
4,2508,5857,21,IN,IN
6,1225,617,27,IN,IN
3,35,7,472,IN,IA
3,693,2089,983,IN,LA
6,15,13,1015,IN,MA
2,14,105,286,IN,MI
5,639,171,156,IN,MI
6,457,103,191,IN,MI
5,15,3,684,IN,MS
4,109,15,383,IN,MO
4,33,9,1475,IN,MT
5,54,19,620,IN,NE
5,290,101,737,IN,NJ
5,15,23,693,IN,OK
5,16,5,2262,IN,OR
4,504,411,612,IN,PA
5,153,47,575,IN,PA
4,47,79,300,IN,TN
5,72,27,389,IN,TN
5,421,159,1163,IN,TX
4,17,79,677,IN,VA
5,226,87,632,IN,VA
4,41,9,2285,IN,WA
6,97,35,238,IN,WI
5,151,51,879,IA,AL
4,45,189,1803,IA,AZ
5,117,31,1485,IA,AZ
5,96,31,554,IA,AR
4,53,95,983,IA,CO
5,154,41,739,IA,CO
5,168,47,1469,IA,FL
4,733,2791,258,IA,IL
5,1600,469,304,IA,IL
6,278,255,309,IA,IL
4,201,241,465,IA,IN
3,4714,13587,43,IA,IA
4,6832,33253,37,IA,IA
2,7127,56867,29,IA,IA
5,580,175,321,IA,KS
6,10,15,378,IA,KS
4,73,51,548,IA,KY
5,50,11,1325,IA,ME
6,10,11,942,IA,MD
4,238,169,542,IA,MI
5,530,149,530,IA,MI
5,553,153,239,IA,MN
3,117,361,155,IA,MO
4,448,1457,182,IA,NE
2,126,1031,165,IA,NE
6,7,5,1110,IA,NM
5,149,39,1092,IA,NC
4,25,91,651,IA,ND
2,9,77,646,IA,ND
4,222,179,709,IA,OH
5,1174,277,622,IA,OH
6,142,141,650,IA,OH
4,198,75,1159,IA,PA
5,244,75,893,IA,PA
5,39,13,1080,IA,SC
4,334,2997,1145,IA,TX
4,108,49,1829,IA,WA
5,304,95,1806,IA,WA
6,12,31,967,IA,WV
4,488,799,232,IA,WI
2,11,85,226,IA,WI
5,1032,247,309,IA,WI
5,143,9,504,IA,WY
6,3,3,791,IA,WY
5,98,15,917,KS,AL
4,32,23,1213,KS,AZ
2,59,475,1538,KS,AZ
6,10,7,1173,KS,AZ
5,24,13,313,KS,AR
4,399,225,1607,KS,CA
4,178,125,905,KS,GA
5,636,107,958,KS,GA
6,96,105,1092,KS,GA
5,192,35,637,KS,KY
6,12,33,884,KS,KY
6,11,5,1644,KS,MA
5,410,59,833,KS,MI
6,65,49,892,KS,MI
5,215,31,507,KS,MN
5,641,185,146,KS,MO
3,17,57,198,KS,NE
4,92,161,292,KS,NE
5,461,191,330,KS,NE
5,326,51,1072,KS,NC
6,30,11,1113,KS,NC
4,52,25,703,KS,OH
4,120,275,206,KS,OK
5,295,99,342,KS,OK
6,10,5,1786,KS,OR
4,139,109,1153,KS,PA
5,316,49,1286,KS,PA
6,51,71,1188,KS,PA
5,3,1,1419,KS,RI
5,101,19,1035,KS,SC
4,487,423,561,KS,TX
2,1457,9261,710,KS,TX
4,32,19,1059,KS,UT
5,53,11,945,KS,UT
6,63,15,1028,KS,UT
5,61,15,1896,KS,WA
5,65,13,1871,KY,AZ
4,86,27,2291,KY,CA
5,108,27,2185,KY,CA
6,59,27,2355,KY,CA
4,6,1,1198,KY,CO
5,12,5,1082,KY,CO
5,30,7,893,KY,FL
3,40,17,453,KY,GA
4,2,1,1975,KY,ID
1,78,27,366,KY,IL
5,176,33,353,KY,IL
3,44,19,0,KY,IN
2,5,31,55,KY,IN
6,305,213,0,KY,IN
6,5,3,589,KY,IA
5,9,1,655,KY,KS
4,772,2047,0,KY,KY
2,373,2357,21,KY,KY
6,936,681,0,KY,KY
2,218,1461,853,KY,LA
3,2,1,457,KY,MO
1,146,49,825,KY,NE
6,6,3,1162,KY,NH
6,31,17,850,KY,NJ
3,8,3,607,KY,NY
6,19,9,841,KY,NY
5,428,161,433,KY,NC
6,98,73,436,KY,NC
3,130,57,157,KY,OH
6,360,219,0,KY,OH
5,6,3,583,KY,OK
4,3,1,2400,KY,OR
6,124,47,622,KY,PA
5,47,41,471,KY,SC
4,10,7,1057,KY,SD
6,526,329,147,KY,TN
4,18,9,932,KY,TX
5,116,31,917,KY,TX
6,136,75,877,KY,TX
5,11,5,1647,KY,UT
2,7,53,431,KY,VA
5,189,63,510,KY,VA
4,18,5,2412,KY,WA
3,5,3,225,KY,WV
3,6,3,1165,LA,AZ
5,53,31,1331,LA,AZ
5,98,19,0,LA,FL
6,1,1,718,LA,IL
4,19,13,1029,LA,KS
4,61,87,146,LA,MS
5,91,41,139,LA,MS
5,11,11,697,LA,MO
4,4,3,1675,LA,ND
4,8,3,1015,LA,OH
4,9,7,1210,LA,PA
6,3,1,437,LA,TN
5,435,195,318,LA,TX
5,32,19,1592,LA,UT
5,11,3,2542,LA,WA
5,23,1,1482,ME,FL
4,10,3,2496,MD,AZ
4,40,123,90,MD,DE
2,106,791,54,MD,DE
6,167,11,32,MD,DC
4,15,3,805,MD,IL
5,25,13,746,MD,KY
3,1199,2139,67,MD,MD
5,2019,223,98,MD,MD
3,55,21,408,MD,MA
4,9,3,2718,MD,NV
3,11,9,168,MD,NJ
6,71,67,178,MD,NJ
5,25,3,362,MD,NC
6,40,47,376,MD,NC
5,21,5,439,MD,OH
3,198,105,129,MD,PA
5,580,111,99,MD,VA
5,231,31,3019,MA,CA
4,6,3,2017,MA,CO
4,18,31,154,MA,CT
6,303,155,50,MA,CT
3,17,7,1339,MA,FL
4,35,9,1319,MA,FL
4,9,3,1121,MA,GA
4,23,9,1080,MA,IL
4,23,5,208,MA,ME
5,87,9,421,MA,MD
4,334,169,47,MA,MA
2,18,5,0,MA,MA
6,1127,649,25,MA,MA
4,19,5,954,MA,MI
4,6,3,1404,MA,MO
4,2,1,2681,MA,MT
3,9,5,2797,MA,NV
4,2,1,2917,MA,NV
6,97,31,79,MA,NH
4,25,21,329,MA,NY
2,5,1,176,MA,NY
5,372,49,269,MA,NY
3,3,1,735,MA,NC
3,52,25,312,MA,PA
6,71,55,47,MA,RI
3,4,1,859,MA,SC
3,36,15,1896,MA,TX
4,46,9,551,MA,VA
4,10,5,3066,MA,WA
5,15,1,3080,MA,WA
3,37,17,1074,MA,WI
5,27,9,1987,MI,AZ
6,120,49,1939,MI,AZ
6,325,143,2250,MI,CA
4,3,1,1094,MI,FL
5,235,37,1298,MI,FL
6,94,39,1295,MI,FL
3,255,115,310,MI,IL
5,818,231,220,MI,IL
3,200,247,244,MI,IN
4,20,37,0,MI,IN
5,145,33,142,MI,IN
6,1508,389,237,MI,IN
5,28,9,766,MI,KS
5,54,11,358,MI,KY
6,73,91,364,MI,KY
6,6,3,1098,MI,LA
3,1725,3489,68,MI,MI
1,36,15,49,MI,MI
5,1669,361,35,MI,MI
5,94,27,649,MI,MN
5,30,11,740,MI,MS
6,75,49,691,MI,MS
6,28,19,603,MI,MO
3,57,27,788,MI,NJ
4,9,1,629,MI,NJ
6,46,37,638,MI,NJ
6,173,95,667,MI,NY
4,10,89,864,MI,NC
4,164,293,156,MI,OH
3,2,1,939,MI,OK
5,123,33,1027,MI,OK
6,6,5,2277,MI,OR
3,150,85,331,MI,PA
6,10,5,884,MI,SC
6,71,37,625,MI,TN
6,52,33,637,MI,VA
3,94,25,454,MI,WI
5,62,11,1673,MN,AZ
5,21,11,856,MN,CO
5,4,1,1364,MN,CT
5,140,35,1666,MN,FL
6,104,113,1687,MN,FL
2,15,99,1380,MN,GA
5,101,25,1156,MN,GA
6,69,125,1213,MN,GA
3,247,411,515,MN,IL
4,35,93,595,MN,IL
1,40,21,370,MN,IL
2,32,151,580,MN,IL
6,703,593,460,MN,IL
2,22,83,773,MN,IN
5,232,77,674,MN,IN
3,174,223,231,MN,IA
4,211,1101,110,MN,IA
1,46,31,0,MN,IA
5,863,211,232,MN,IA
6,121,145,254,MN,IA
6,26,13,513,MN,KS
2,661,5495,1700,MN,LA
6,12,7,1215,MN,LA
5,58,21,1192,MN,MD
6,17,5,1207,MN,MD
5,94,29,1483,MN,MA
3,33,13,490,MN,MI
3,4745,11391,38,MN,MN
5,8,3,1006,MN,MS
3,32,47,589,MN,MO
4,21,63,476,MN,MO
1,9,5,1066,MN,MT
4,25,181,491,MN,NE
5,295,59,395,MN,NE
6,61,33,398,MN,NE
5,56,17,1290,MN,NJ
6,9,3,1228,MN,NM
5,79,27,1211,MN,NY
2,8,29,1308,MN,NC
2,894,4815,0,MN,ND
4,33,33,777,MN,OH
5,323,83,822,MN,OH
6,194,271,793,MN,OH
3,134,367,1711,MN,OR
5,50,19,1644,MN,OR
4,32,19,1065,MN,PA
4,1,1,1358,MN,SC
5,27,7,1266,MN,SC
4,40,165,202,MN,SD
4,143,411,1216,MN,TX
6,63,29,1255,MN,UT
3,576,1693,2314,MN,WA
5,135,43,1535,MN,WA
6,9,29,895,MN,WV
4,628,1321,178,MN,WI
5,690,235,208,MN,WI
6,287,531,148,MN,WI
5,432,243,282,MS,AL
4,4,5,1386,MS,AZ
5,67,17,1509,MS,AZ
6,80,381,188,MS,AR
5,509,225,1900,MS,CA
4,16,23,1199,MS,CO
5,47,27,1232,MS,CO
6,5,3,1192,MS,CO
5,290,145,444,MS,GA
6,53,85,396,MS,GA
4,2,3,709,MS,KS
6,50,73,203,MS,LA
5,23,9,1002,MS,MD
5,58,23,866,MS,MI
6,485,463,0,MS,MS
5,46,59,551,MS,MO
6,12,9,371,MS,MO
1,9,3,933,MS,NE
5,42,23,1197,MS,NY
5,35,17,739,MS,NC
5,47,15,769,MS,OH
1,16,5,691,MS,OK
5,36,17,662,MS,OK
5,149,51,0,MS,TN
5,521,195,559,MS,TX
6,54,109,494,MS,TX
5,72,21,864,MS,WI
3,14,9,249,MO,AR
4,115,261,137,MO,AR
2,38,267,0,MO,AR
2,307,2639,1918,MO,CA
5,596,171,1681,MO,CA
4,174,127,765,MO,CO
6,51,43,748,MO,FL
4,1766,1635,166,MO,IL
3,40,5,254,MO,IN
5,474,173,266,MO,IA
3,188,99,0,MO,KS
4,130,177,186,MO,KS
5,825,285,97,MO,KS
6,102,109,83,MO,KS
3,936,2835,836,MO,LA
4,36,41,704,MO,LA
2,328,2273,1070,MO,LA
6,6,15,790,MO,LA
5,2,3,1109,MO,MD
5,50,9,1307,MO,MA
4,45,71,560,MO,MN
4,54,59,452,MO,MS
2,1661,12119,0,MO,MO
5,1666,563,63,MO,MO
5,245,135,315,MO,NE
5,113,31,1755,MO,NV
4,16,27,1094,MO,NY
4,18,23,1050,MO,NC
4,283,313,281,MO,OK
5,112,77,260,MO,OK
6,5,1,2042,MO,OR
4,202,105,1227,MO,PA
5,30,7,376,MO,SD
4,250,263,671,MO,TX
5,358,131,652,MO,TX
6,148,219,814,MO,TX
5,27,7,1250,MO,UT
5,23,9,1102,MO,VA
5,34,9,1948,MO,WA
6,8,29,1971,MO,WA
6,2,5,911,MO,WY
4,348,1137,56,MT,MT
4,3,5,464,MT,ND
6,9,3,325,MT,ND
2,636,4159,859,MT,OR
5,20,5,328,MT,SD
4,18,33,252,MT,WY
4,122,81,536,NE,AR
4,240,221,1491,NE,CA
2,325,2699,158,NE,CO
5,332,87,572,NE,CO
5,755,101,1587,NE,FL
4,112,85,1059,NE,GA
5,297,61,1087,NE,GA
6,156,419,1120,NE,ID
4,255,343,793,NE,IL
6,45,113,470,NE,IL
4,81,45,694,NE,IN
6,104,153,234,NE,KS
5,80,27,837,NE,KY
5,58,9,1204,NE,MD
4,128,199,449,NE,MN
5,772,199,309,NE,MO
3,2084,5573,31,NE,NE
4,2817,23429,65,NE,NE
1,1776,743,0,NE,NE
2,5170,41681,28,NE,NE
5,77,9,1237,NE,NV
5,415,81,1364,NE,NY
5,193,35,1235,NE,NC
3,44,21,590,NE,ND
5,581,161,803,NE,OH
5,326,93,449,NE,OK
4,122,125,1339,NE,PA
5,371,63,1110,NE,PA
5,189,57,353,NE,SD
4,373,747,846,NE,TX
6,51,39,670,NE,TX
5,61,11,1386,NE,VA
4,28,17,1605,NE,WA
5,216,29,1591,NE,WA
4,107,91,647,NE,WI
4,269,127,258,NV,CA
6,158,87,266,NV,CA
4,18,7,489,NV,ID
4,33,11,834,NV,MT
4,65,23,570,NV,OR
6,1,1,148,NH,CT
5,12,3,146,NH,ME
4,5,3,84,NH,MA
5,87,23,67,NH,MA
5,33,7,35,NH,NH
5,9,1,2376,NJ,AZ
3,105,63,117,NJ,DE
2,22,165,108,NJ,DE
6,31,11,163,NJ,DC
5,70,21,795,NJ,IL
4,28,15,677,NJ,IN
5,89,7,649,NJ,IN
3,9,1,1147,NJ,IA
6,10,3,1104,NJ,IA
4,23,17,1238,NJ,KS
5,8,1,698,NJ,KY
5,234,55,164,NJ,MD
6,16,3,1036,NJ,MO
4,15,11,1225,NJ,NE
4,233,101,17,NJ,NJ
3,1214,531,53,NJ,NY
5,2002,361,50,NJ,NY
6,1689,681,39,NJ,NY
5,61,11,509,NJ,OH
6,119,87,504,NJ,OH
3,670,401,112,NJ,PA
2,64,483,99,NJ,PA
6,1832,651,74,NJ,PA
3,23,9,187,NJ,RI
6,29,35,198,NJ,RI
6,24,19,648,NJ,SC
3,8,1,837,NJ,TN
3,29,5,265,NJ,VA
5,29,13,2843,NJ,WA
6,35,17,970,NJ,WI
3,61,11,428,NM,CO
6,56,23,1300,NM,IL
6,16,7,1406,NM,IN
6,63,19,1002,NM,MO
6,531,93,32,NM,NM
4,64,71,106,NM,TX
5,233,45,73,NY,CT
5,129,17,1266,NY,FL
2,45,25,872,NY,GA
2,52,31,404,NY,IN
6,26,15,708,NY,KY
5,149,21,224,NY,MD
5,340,65,200,NY,MA
5,2068,417,37,NY,NJ
3,11553,6527,21,NY,NY
2,1262,5985,33,NY,NY
5,8131,1279,15,NY,NY
6,5381,3797,30,NY,NY
6,27,7,621,NY,NC
4,120,87,451,NY,OH
5,231,33,463,NY,OH
3,346,83,199,NY,PA
4,164,121,265,NY,PA
5,480,101,141,NY,PA
6,72,41,871,NY,TN
5,254,31,327,NY,VA
6,19,17,387,NY,VA
5,215,75,497,NC,AL
6,41,13,975,NC,AR
5,63,21,659,NC,CT
5,866,295,626,NC,FL
4,43,57,364,NC,GA
4,9,1,2334,NC,ID
6,98,19,680,NC,IN
5,110,47,452,NC,KY
5,106,29,824,NC,LA
4,9,1,373,NC,MD
5,264,85,380,NC,MD
5,288,83,717,NC,MI
4,2,7,1175,NC,MN
4,6,13,678,NC,MS
6,57,27,689,NC,MS
5,148,95,834,NC,MO
5,86,39,1352,NC,NE
5,247,77,527,NC,NJ
5,20,5,1793,NC,NM
5,458,169,554,NC,NY
2,1280,6787,64,NC,NC
3,17,3,1092,NC,OK
5,53,23,2847,NC,OR
3,83,81,449,NC,PA
4,11,3,432,NC,PA
5,521,253,460,NC,PA
6,93,31,420,NC,PA
3,32,17,193,NC,SC
5,510,205,165,NC,SC
5,177,87,459,NC,TN
3,87,11,1194,NC,TX
5,256,141,1299,NC,TX
5,1386,633,175,NC,VA
6,18,43,2349,ND,AZ
4,10,101,2302,ND,CA
4,10,59,1007,ND,ID
2,172,747,863,ND,IL
4,68,145,865,ND,IN
3,149,163,478,ND,IA
6,5,9,791,ND,KS
6,12,25,1231,ND,KY
3,106,129,1891,ND,LA
4,50,277,206,ND,MN
2,783,3765,378,ND,MN
5,16,3,246,ND,MN
3,11,45,1416,ND,MO
4,5,35,377,ND,MT
3,9,11,1515,ND,NY
6,4,9,1545,ND,NC
4,88,621,67,ND,ND
5,28,5,116,ND,ND
6,310,219,0,ND,ND
6,6,11,1111,ND,OH
4,3,29,1525,ND,OR
5,17,3,1300,ND,OR
6,12,23,1462,ND,PA
6,53,119,1968,ND,TX
3,17,23,1417,ND,VA
3,1881,5057,1506,ND,WA
2,522,3193,1451,ND,WA
5,4,1,1185,ND,WA
6,33,39,1510,ND,WA
6,100,39,580,OH,AL
5,85,27,684,OH,AR
5,287,43,2298,OH,CA
6,462,159,2373,OH,CA
5,86,23,729,OH,CT
6,34,11,617,OH,CT
4,55,163,932,OH,FL
6,233,69,1003,OH,FL
4,25,25,1905,OH,ID
5,414,77,138,OH,IN
6,936,281,182,OH,IN
4,123,1093,865,OH,IA
5,68,11,727,OH,KS
3,18,5,335,OH,KY
5,180,77,212,OH,KY
5,17,3,989,OH,ME
3,276,833,379,OH,MD
5,70,11,383,OH,MD
5,201,27,701,OH,MA
4,132,119,230,OH,MI
5,330,95,190,OH,MI
5,130,27,747,OH,MN
6,52,21,770,OH,MN
5,42,5,2088,OH,NV
5,123,35,493,OH,NJ
6,105,47,512,OH,NJ
5,479,125,386,OH,NY
2,308,2299,528,OH,NC
5,410,91,519,OH,NC
6,56,29,454,OH,NC
6,2,1,1158,OH,ND
3,3527,9659,0,OH,OH
4,2117,6507,51,OH,OH
6,3858,1729,89,OH,OH
4,268,731,215,OH,PA
5,100,35,569,OH,SC
4,52,45,434,OH,TN
2,11,75,500,OH,TN
6,292,105,1201,OH,TX
5,45,9,1712,OH,UT
6,25,15,710,OH,VT
3,550,2501,472,OH,VA
2,6,31,382,OH,VA
5,69,9,2403,OH,WA
3,5,1,523,OH,WI
5,26,7,738,OK,AL
5,79,27,909,OK,AZ
4,315,681,0,OK,AR
6,18,53,232,OK,AR
5,676,233,1299,OK,CA
4,2,3,848,OK,IN
4,204,169,321,OK,KS
6,1,3,261,OK,KS
3,570,1647,952,OK,LA
6,2,5,753,OK,MN
5,57,21,396,OK,MO
6,2,7,308,OK,MO
5,105,33,1251,OK,MT
4,24,9,478,OK,NE
5,94,27,1741,OK,OR
5,20,3,1187,OK,SC
4,653,379,343,OK,TX
2,14,89,171,OK,TX
5,121,37,1131,OK,UT
5,6,1,1586,OR,AK
3,166,63,1136,OR,AZ
3,72,9,3207,OR,FL
3,76,31,2751,OR,GA
5,199,47,430,OR,ID
5,9,1,2318,OR,MI
3,1889,1125,55,OR,OR
6,1070,599,22,OR,OR
6,86,53,2988,OR,PA
3,600,391,330,OR,WA
5,616,125,153,OR,WA
5,8,1,918,PA,AL
6,8,1,2348,PA,AZ
5,79,25,1177,PA,AR
4,56,25,2690,PA,CA
5,106,15,2724,PA,CA
6,165,39,2688,PA,CA
3,64,29,197,PA,CT
4,147,47,293,PA,CT
6,305,151,240,PA,CT
3,18,11,76,PA,DE
4,152,189,95,PA,DE
3,23,7,130,PA,DC
4,172,83,1057,PA,FL
4,118,71,742,PA,GA
6,300,63,846,PA,GA
6,424,145,664,PA,IL
4,63,37,648,PA,IN
4,27,15,1093,PA,KS
6,4,1,1089,PA,KS
5,7,1,1223,PA,LA
3,4,1,487,PA,ME
4,75,39,547,PA,ME
4,287,491,100,PA,MD
6,446,131,88,PA,MD
3,93,31,350,PA,MA
5,222,63,333,PA,MA
4,127,45,490,PA,MI
1,24,3,528,PA,MI
3,27,7,880,PA,MO
4,27,13,1132,PA,NE
5,38,13,1089,PA,NE
6,50,21,392,PA,NH
3,436,303,49,PA,NJ
4,720,615,53,PA,NJ
2,2,5,146,PA,NJ
5,2,1,1935,PA,NM
4,474,281,417,PA,NC
5,357,87,476,PA,NC
4,248,149,398,PA,OH
6,298,95,0,PA,OH
4,2,1,1184,PA,OK
4,3,1,2790,PA,OR
2,319,2043,44,PA,PA
6,4127,1605,20,PA,PA
6,102,27,588,PA,SC
4,26,7,1443,PA,TX
6,129,49,1464,PA,TX
5,7,1,2162,PA,UT
6,86,15,2074,PA,UT
6,29,13,346,PA,VT
6,6,1,2762,PA,WA
4,37,19,832,PA,WI
3,35,1,82,RI,CT
6,13,5,0,RI,CT
3,44,1,42,RI,MA
4,198,41,56,RI,MA
5,191,35,30,RI,MA
4,75,17,0,RI,RI
5,271,25,8,RI,RI
3,23,15,367,SC,AL
5,80,101,293,SC,AL
5,28,15,774,SC,AR
6,10,7,849,SC,CT
5,432,125,482,SC,FL
3,44,63,167,SC,GA
5,460,203,105,SC,GA
4,6,1,670,SC,IL
5,150,51,792,SC,IL
5,196,51,893,SC,IA
6,19,11,428,SC,KY
5,4,1,657,SC,LA
6,4,3,710,SC,LA
6,6,3,1060,SC,ME
5,41,15,521,SC,MD
5,22,9,802,SC,MI
5,56,29,608,SC,NJ
6,42,35,678,SC,NJ
5,166,67,755,SC,NY
5,332,123,120,SC,NC
5,28,9,2715,SC,OR
6,70,39,602,SC,PA
5,480,199,64,SC,SC
4,15,3,311,SC,TN
5,31,11,405,SC,TN
6,5,3,363,SC,TN
4,2,1,1026,SC,TX
5,32,15,2914,SC,WA
1,23,9,739,SD,AR
4,48,337,1779,SD,CA
3,9,21,1417,SD,GA
1,24,5,1317,SD,GA
2,2,21,742,SD,ID
2,458,2421,878,SD,IL
3,376,1251,93,SD,IA
4,36,259,93,SD,IA
1,15,5,208,SD,IA
5,706,47,291,SD,IA
2,31,151,733,SD,KS
1,3,1,994,SD,KY
1,3,3,1301,SD,LA
5,5,1,858,SD,MI
4,79,693,150,SD,MN
2,617,2227,362,SD,MN
5,26,5,561,SD,MN
1,3,7,341,SD,NE
1,12,3,1464,SD,NJ
3,297,953,155,SD,ND
2,8,71,226,SD,ND
6,42,11,866,SD,OH
1,7,11,748,SD,OK
5,12,3,1276,SD,PA
5,5,1,1544,SD,RI
5,76,17,123,SD,SD
4,42,401,1664,SD,TX
6,11,5,1332,SD,VA
3,1161,3455,2015,SD,WA
6,7,3,416,SD,WI
4,20,83,198,TN,AL
6,200,131,237,TN,AL
5,3,1,1709,TN,AZ
4,45,67,2015,TN,CA
6,22,17,1195,TN,CO
6,21,7,959,TN,CT
5,602,273,227,TN,GA
6,612,455,191,TN,GA
5,100,25,363,TN,IL
6,356,165,533,TN,IL
5,30,5,393,TN,IN
1,58,21,858,TN,KS
6,32,13,694,TN,KS
3,167,231,104,TN,KY
5,111,31,114,TN,KY
6,253,81,554,TN,LA
5,125,37,567,TN,MI
6,161,79,651,TN,MI
6,71,35,362,TN,MO
3,29,15,1034,TN,NJ
3,39,35,1106,TN,NY
3,325,201,512,TN,NC
4,3,15,478,TN,NC
2,1,5,167,TN,NC
5,24,7,853,TN,OK
6,23,17,706,TN,OK
3,163,119,493,TN,SC
3,1069,953,87,TN,TN
5,739,201,88,TN,TN
5,4,1,1776,TN,UT
4,13,111,1196,TN,VT
3,142,97,647,TN,VA
6,83,51,199,TN,VA
5,160,31,709,TX,AL
4,9,11,969,TX,AZ
5,584,147,1027,TX,AZ
5,359,167,343,TX,AR
5,1542,401,1432,TX,CA
6,307,353,1515,TX,CA
2,338,2143,767,TX,CO
5,9,3,1433,TX,DE
5,697,119,1319,TX,FL
6,176,93,1115,TX,FL
6,142,91,824,TX,GA
5,295,63,1092,TX,IL
5,187,23,975,TX,IN
5,181,45,781,TX,IA
3,25,13,500,TX,KS
5,1166,317,504,TX,KS
5,82,19,1027,TX,KY
3,28,25,1422,TX,MD
5,100,5,1427,TX,MD
5,17,25,1651,TX,MA
5,350,143,450,TX,MO
4,25,115,753,TX,NE
5,61,13,718,TX,NE
2,54,219,163,TX,NM
5,105,25,649,TX,NM
6,150,571,0,TX,NM
3,66,93,1641,TX,NY
5,415,45,1708,TX,NY
5,194,53,1223,TX,NC
6,122,53,1166,TX,NC
3,24,29,1212,TX,OH
5,481,127,233,TX,OK
6,383,161,264,TX,OK
3,22,19,1498,TX,PA
5,300,47,1505,TX,PA
5,214,45,1192,TX,SC
5,469,89,715,TX,TN
4,4125,13969,57,TX,TX
2,7196,45605,69,TX,TX
5,15630,3809,61,TX,TX
6,7873,3937,39,TX,TX
5,164,45,1262,TX,UT
5,203,43,2033,TX,WA
5,12,5,1139,TX,WV
4,46,33,659,UT,AZ
5,138,27,748,UT,AZ
6,261,231,903,UT,CA
4,56,15,315,UT,CO
5,115,23,371,UT,CO
6,81,39,1789,UT,GA
4,36,69,250,UT,ID
6,67,29,1564,UT,IN
6,4,1,2029,UT,MD
6,7,3,2321,UT,MA
6,14,7,1300,UT,MN
6,38,19,1564,UT,MS
6,9,3,1271,UT,MO
4,26,17,539,UT,NV
5,20,3,281,UT,NV
6,43,69,560,UT,NV
4,1,7,2124,UT,NY
6,109,53,1647,UT,OH
5,190,51,1373,UT,TX
2,208,1015,35,UT,UT
5,136,23,787,UT,WA
6,39,19,984,UT,WA
2,3,11,122,VT,NH
6,6,1,705,VA,AR
2,4,7,2826,VA,CA
5,60,13,2811,VA,CA
6,138,45,2698,VA,CA
6,23,7,524,VA,CT
3,3,1,228,VA,DE
5,15,1,13,VA,DC
5,129,43,865,VA,FL
6,133,73,835,VA,FL
5,110,35,564,VA,GA
5,23,9,701,VA,ME
6,9,3,805,VA,ME
4,61,205,0,VA,MD
5,363,101,69,VA,MD
6,223,291,60,VA,MD
6,16,7,634,VA,MI
5,19,11,1295,VA,MN
6,5,3,1088,VA,MN
5,350,175,319,VA,NY
6,129,61,359,VA,NY
3,392,107,177,VA,NC
4,110,503,140,VA,NC
5,360,129,209,VA,NC
3,6,7,1372,VA,OK
5,19,11,1350,VA,OK
6,2,1,1031,VA,OK
6,427,529,168,VA,PA
6,22,7,286,VA,SC
6,24,7,741,VA,TN
4,2,13,650,VA,VT
6,3,1,668,VA,VT
3,1337,1489,0,VA,VA
4,1169,3229,29,VA,VA
4,43,143,50,VA,WV
6,13,3,197,VA,WV
5,61,27,1003,VA,WI
3,41,19,1870,WA,AK
6,13,7,1743,WA,AK
3,730,603,969,WA,CA
5,1189,179,1038,WA,CA
6,245,217,931,WA,CA
6,35,35,1206,WA,CO
4,10,9,3199,WA,FL
5,7,1,2809,WA,HI
4,31,53,467,WA,ID
5,78,15,117,WA,ID
3,75,59,2029,WA,IL
6,2,1,2170,WA,IL
5,15,1,2268,WA,IN
3,144,105,2994,WA,MA
3,108,87,2279,WA,MI
5,17,1,1654,WA,MN
5,8,1,1662,WA,NE
5,80,7,2862,WA,NJ
6,2,1,1222,WA,ND
4,122,95,169,WA,OR
2,655,3793,329,WA,OR
3,219,157,2663,WA,PA
3,9,7,2792,WA,SC
5,187,21,2088,WA,TX
6,137,237,2366,WA,TX
4,2,3,824,WA,UT
3,4906,4675,45,WA,WA
3,29,23,1634,WA,WI
6,24,41,2085,WA,WI
5,31,11,546,WV,GA
5,6,3,677,WV,IL
5,10,7,659,WV,ME
5,56,27,426,WV,NY
6,91,47,13,WV,OH
5,16,9,12,WV,WV
6,101,13,19,WV,WV
4,50,13,1745,WI,AZ
5,84,29,1839,WI,AZ
5,19,7,795,WI,AR
4,442,179,2109,WI,CA
5,30,5,1031,WI,CT
6,49,33,1398,WI,FL
5,363,117,965,WI,GA
6,135,49,1038,WI,GA
5,1241,367,157,WI,IL
6,1129,609,174,WI,IL
5,109,29,492,WI,KY
4,51,9,827,WI,MD
5,14,3,832,WI,MD
3,29,13,1282,WI,MA
3,230,279,95,WI,MN
5,691,207,241,WI,MN
6,208,47,302,WI,MN
5,8,3,1789,WI,NV
4,13,7,973,WI,NJ
3,10,5,1078,WI,NC
5,140,33,969,WI,NC
6,92,13,1037,WI,NC
3,33,77,611,WI,OH
5,12,3,878,WI,OK
3,36,35,937,WI,PA
5,345,105,863,WI,PA
6,106,47,908,WI,PA
4,24,9,629,WI,SD
5,412,223,749,WI,TN
2,190,1479,1145,WI,TX
6,3,1,1589,WI,UT
3,82,57,1050,WI,VA
5,107,25,934,WI,VA
4,2525,6511,40,WI,WI
6,1397,581,0,WI,WI
4,1,1,165,WY,NE
